{
  "project_info": {
    "project_number": "172338419969",
    "firebase_url": "https://tacomfome-28a54.firebaseio.com",
    "project_id": "tacomfome-28a54",
    "storage_bucket": "tacomfome-28a54.appspot.com"
  },
  "client": [
    {
      "client_info": {
        "mobilesdk_app_id": "1:172338419969:android:86f0c98e401df843",
        "android_client_info": {
          "package_name": "com.echessa.todo"
        }
      },
      "oauth_client": [
        {
          "client_id": "172338419969-g1pf4mat2q4htl6jad02k8c0f1vojuas.apps.googleusercontent.com",
          "client_type": 3
        }
      ],
      "api_key": [
        {
          "current_key": "AIzaSyAHquKB2pG6LUMBe_iCM4_SMp9MF5_TsR4"
        }
      ],
      "services": {
        "analytics_service": {
          "status": 1
        },
        "appinvite_service": {
          "status": 1,
          "other_platform_oauth_client": []
        },
        "ads_service": {
          "status": 2
        }
      }
    },
    {
      "client_info": {
        "mobilesdk_app_id": "1:172338419969:android:481f2a9537daa822",
        "android_client_info": {
          "package_name": "ufscar.tacomfome.tacomfome"
        }
      },
      "oauth_client": [
        {
          "client_id": "172338419969-g1pf4mat2q4htl6jad02k8c0f1vojuas.apps.googleusercontent.com",
          "client_type": 3
        }
      ],
      "api_key": [
        {
          "current_key": "AIzaSyAHquKB2pG6LUMBe_iCM4_SMp9MF5_TsR4"
        }
      ],
      "services": {
        "analytics_service": {
          "status": 1
        },
        "appinvite_service": {
          "status": 1,
          "other_platform_oauth_client": []
        },
        "ads_service": {
          "status": 2
        }
      }
    },
    {
      "client_info": {
        "mobilesdk_app_id": "1:172338419969:android:e73433ba827f5d22",
        "android_client_info": {
          "package_name": "com.antoinecampbell.firebase.demo"
        }
      },
      "oauth_client": [
        {
          "client_id": "172338419969-g1pf4mat2q4htl6jad02k8c0f1vojuas.apps.googleusercontent.com",
          "client_type": 3
        }
      ],
      "api_key": [
        {
          "current_key": "AIzaSyAHquKB2pG6LUMBe_iCM4_SMp9MF5_TsR4"
        }
      ],
      "services": {
        "analytics_service": {
          "status": 1
        },
        "appinvite_service": {
          "status": 1,
          "other_platform_oauth_client": []
        },
        "ads_service": {
          "status": 2
        }
      }
    }
  ],
  "configuration_version": "1"
}